"outlier","left","relation","right","cluster"
0.09414799680941491,"http://iasted#is_given_by","=","http://sigkdd#holded_by","cluster_0"
0.21711886146868126,"http://iasted#Student_lecturer","=","http://sigkdd#Best_Student_Paper_Supporter","cluster_0"
0.27466981946552105,"http://iasted#Student_lecturer","=","http://sigkdd#Best_Student_Paper_Award","cluster_0"
0.08747819835910603,"http://iasted#Author_cd_proceedings_included","=","http://www.w3.org/2002/07/owl#Thing","cluster_0"
0.07091394337430056,"http://iasted#Worker_non_speaker","=","http://sigkdd#Author_of_paper","cluster_0"
0.08418674720681939,"http://iasted#is_situated_in","=","http://sigkdd#payed_by","cluster_0"
0.0588194640735153,"http://iasted#is_given_to","=","http://sigkdd#presentation","cluster_0"
0.08987796506339898,"http://iasted#Plenary_lecture_speaker","=","http://sigkdd#Bronze_Supporter","cluster_0"
1.0,"http://iasted#obtain","=","http://sigkdd#obtain","cluster_0"
0.21979942306229505,"http://iasted#Form","=","http://sigkdd#Author","cluster_0"
0.9287139749552005,"http://iasted#Speaker","=","http://sigkdd#Speaker","cluster_0"
0.38567947239598566,"http://iasted#Registration_fee","=","http://sigkdd#Registration_SIGKDD_Member","cluster_0"
0.4299126059887614,"http://iasted#Submissions_deadline","=","http://sigkdd#Deadline","cluster_0"
0.1431563490766802,"http://iasted#Registration","=","http://sigkdd#Abstract","cluster_0"
0.08802793959588698,"http://iasted#Transparency","=","http://sigkdd#Paper","cluster_0"
0.2757419146297607,"http://iasted#Card","=","http://sigkdd#Paper","cluster_0"
0.10764293731421289,"http://iasted#is_present","=","http://sigkdd#pay","cluster_0"
0.141332851741151,"http://iasted#prepare","=","http://sigkdd#E-mail","cluster_0"
0.1622955018542183,"http://iasted#is_equipped_by","=","http://sigkdd#holded_by","cluster_0"
0.4385827419202653,"http://iasted#Hotel_registration_form","=","http://sigkdd#Registration_fee","cluster_0"
0.2602374105759479,"http://iasted#write","=","http://sigkdd#Price","cluster_0"
0.18430766276693317,"http://iasted#Item","=","http://sigkdd#Invited_Speaker","cluster_0"
0.21874264293017096,"http://iasted#IASTED_member","=","http://sigkdd#Program_Committee_member","cluster_0"
0.06874002103868401,"http://iasted#Activity_after_conference","=","http://sigkdd#Author_of_paper_student","cluster_0"
0.4103978969955794,"http://iasted#Introduction_of_speaker","=","http://sigkdd#Speaker","cluster_0"
0.23261389012996944,"http://iasted#Student_registration_fee","=","http://sigkdd#Registration_Non-Member","cluster_0"
0.2819007203357863,"http://iasted#Nonmember_registration_fee","=","http://sigkdd#Registration_SIGMOD_Member","cluster_0"
0.08986202613990672,"http://iasted#Deadline_for_notification_of_acceptance","=","http://sigkdd#Author_of_paper","cluster_0"
0.1796675357356381,"http://iasted#Receiving_manuscript","=","http://www.w3.org/2002/07/owl#Thing","cluster_0"
0.10138856440115018,"http://iasted#is_sent_by","=","http://sigkdd#awarded_by","cluster_0"
0.13058845803790015,"http://iasted#Simulating","=","http://sigkdd#Platinum_Supporter","cluster_0"
0.08849889348297597,"http://iasted#Credit_card","=","http://sigkdd#Document","cluster_0"
0.15164316070458628,"http://iasted#Author_cd_proceedings_included","=","http://sigkdd#Deadline_Author_notification","cluster_0"
0.08932227767626055,"http://iasted#Cd_proceening","=","http://sigkdd#Review","cluster_0"
0.34870163304569174,"http://iasted#Non_speaker","=","http://sigkdd#Invited_Speaker","cluster_0"
0.43210522555829434,"http://iasted#Submission","=","http://sigkdd#Deadline_Abstract_Submission","cluster_0"
0.0774685843964609,"http://iasted#Brief_introduction_for_Session_chair","=","http://sigkdd#Abstract","cluster_0"
0.07640372779198758,"http://iasted#Departure","=","http://sigkdd#Author_of_paper","cluster_0"
0.13750842881048708,"http://iasted#Welcome_address","=","http://sigkdd#Committee","cluster_0"
0.47055924551406086,"http://iasted#Student_registration_fee","=","http://sigkdd#Registration_Student","cluster_0"
0.033531267655411895,"http://iasted#Memeber_registration_fee","=","http://sigkdd#Paper","cluster_0"
0.09129187218719946,"http://iasted#is_given_by","=","http://sigkdd#awarded_by","cluster_0"
0.08661055055980127,"http://iasted#Conference_building","=","http://www.w3.org/2002/07/owl#Thing","cluster_0"
0.3522053924948676,"http://iasted#Registration_fee","=","http://sigkdd#Fee","cluster_0"
0.8323062434657323,"http://iasted#Main_office","=","http://sigkdd#Main_office","cluster_0"
0.053678579109867355,"http://iasted#City","=","http://sigkdd#Author","cluster_0"
0.17174385135214545,"http://iasted#Presenter_university","=","http://sigkdd#Person","cluster_0"
0.03297897886063713,"http://iasted#Sponsor_company_house","=","http://sigkdd#Committee","cluster_0"
0.16281257104832894,"http://iasted#Audiovisual_equipment","=","http://sigkdd#Document","cluster_0"
0.1482100481967318,"http://iasted#Publication","=","http://sigkdd#Deadline_Author_notification","cluster_0"
0.21008290760257828,"http://iasted#Technical_commitee","=","http://sigkdd#Organizing_Committee","cluster_0"
0.08865842480926596,"http://iasted#Form","=","http://sigkdd#Organizing_Committee","cluster_0"
0.05014928043984791,"http://iasted#Transparency","=","http://sigkdd#Author_of_paper","cluster_0"
0.08301666894986147,"http://iasted#send","=","http://sigkdd#searched_by","cluster_0"
0.40212110683977853,"http://iasted#Tutorial_speaker","=","http://sigkdd#Speaker","cluster_0"
0.055657024868830465,"http://iasted#Activity_before_conference","=","http://sigkdd#Author_of_paper","cluster_0"
0.15425466628493592,"http://iasted#Building","=","http://sigkdd#Hotel","cluster_0"
0.09049329433480956,"http://iasted#Speaker","=","http://sigkdd#Author_of_paper","cluster_0"
0.22502459238443911,"http://iasted#Student_non_speaker","=","http://sigkdd#Invited_Speaker","cluster_0"
0.1097155427034594,"http://iasted#Review","=","http://sigkdd#Author","cluster_0"
0.5116323164988248,"http://iasted#Registration","=","http://sigkdd#Registration_Non-Member","cluster_0"
0.0616019664366229,"http://iasted#Technical_commitee","=","http://sigkdd#Fee","cluster_0"
0.12208744288394986,"http://iasted#is_sent_before","=","http://sigkdd#E-mail","cluster_0"
0.17197769812349403,"http://iasted#send","=","http://sigkdd#submit_until","cluster_0"
0.2873126038893508,"http://iasted#Sponsor_city","=","http://sigkdd#Sponzor_fee","cluster_0"
0.04674109441978469,"http://iasted#Introduction_of_speaker","=","http://sigkdd#Registration_SIGMOD_Member","cluster_0"
0.14716132901955992,"http://iasted#IASTED_non_member","=","http://sigkdd#Registration_SIGKDD_Member","cluster_0"
0.1327881607723285,"http://iasted#Author_attendee_cd_registration_fee","=","http://sigkdd#Author_of_paper_student","cluster_0"
0.1363108555288693,"http://iasted#Session","=","http://sigkdd#Person","cluster_0"
0.1918553722563237,"http://iasted#Nonauthor_registration_fee","=","http://sigkdd#Registration_SIGMOD_Member","cluster_0"
0.14084369512712278,"http://iasted#Presentation","=","http://sigkdd#Registration_Non-Member","cluster_0"
0.10062063557186748,"http://iasted#Record_of_attendance","=","http://sigkdd#Author_of_paper_student","cluster_0"
0.08480997237234844,"http://iasted#is_designed_for","=","http://sigkdd#presentationed_by","cluster_0"
0.09634319484554897,"http://iasted#is_writen_by","=","http://sigkdd#Price","cluster_0"
0.08587845142785648,"http://iasted#Hotel_registration_form","=","http://sigkdd#Person","cluster_0"
0.19277910825183034,"http://iasted#Invitation_letter","=","http://sigkdd#Invited_Speaker","cluster_0"
0.4120140314936724,"http://iasted#Sponsor_state","=","http://sigkdd#Sponzor","cluster_0"
0.09169765458682658,"http://iasted#Research","=","http://sigkdd#Place","cluster_0"
0.15324611607086977,"http://iasted#Student_registration_fee","=","http://sigkdd#Best_Student_Paper_Supporter","cluster_0"
0.12685659986468667,"http://iasted#is_present_in","=","http://sigkdd#Date","cluster_0"
0.07083826539419841,"http://iasted#is_connected_with","=","http://sigkdd#E-mail","cluster_0"
0.5150078964392272,"http://iasted#Payment_document","=","http://sigkdd#Document","cluster_0"
0.024701880788439327,"http://iasted#Registration_form","=","http://sigkdd#Author_of_paper","cluster_0"
0.07072390600125157,"http://iasted#Video_presentation","=","http://sigkdd#Author_of_paper_student","cluster_0"
0.09119775767985011,"http://iasted#is_writen_by","=","http://sigkdd#payed_by","cluster_0"
0.04009100277709525,"http://iasted#Computer","=","http://sigkdd#Author","cluster_0"
0.4689094816022678,"http://iasted#is_designed_for","=","http://sigkdd#design","cluster_0"
0.0923291546590715,"http://iasted#is_sent_by","=","http://sigkdd#payed_by","cluster_0"
0.13367746354784307,"http://iasted#obtain","=","http://sigkdd#Nation","cluster_0"
0.19176226657098677,"http://iasted#Van","=","http://sigkdd#Organizator","cluster_0"
0.03874770679774956,"http://iasted#Presenter_city","=","http://sigkdd#Author_of_paper_student","cluster_0"
0.1159761525800248,"http://iasted#Author_information_form","=","http://sigkdd#Registration_fee","cluster_0"
0.05086485276976836,"http://iasted#Activity","=","http://sigkdd#Invited_Speaker","cluster_0"
0.08769668575268864,"http://iasted#Form","=","http://sigkdd#Conference_hall","cluster_0"
0.15195571955546472,"http://iasted#Student_registration_fee","=","http://sigkdd#Author_of_paper_student","cluster_0"
0.08085670258537968,"http://iasted#Coffee_break","=","http://sigkdd#Conference_hall","cluster_0"
0.5297160377506056,"http://iasted#Nonauthor_registration_fee","=","http://sigkdd#Registration_fee","cluster_0"
0.19177743441932926,"http://iasted#Card","=","http://sigkdd#Best_Research_Paper_Award","cluster_0"
0.10458488019334176,"http://iasted#Coffee_break","=","http://sigkdd#Conference","cluster_0"
0.21296420603119876,"http://iasted#is_occupied_by","=","http://sigkdd#payed_by","cluster_0"
0.07136010262350967,"http://iasted#is_situated_in","=","http://sigkdd#E-mail","cluster_0"
0.12639303247613254,"http://iasted#Presenter_city","=","http://sigkdd#Document","cluster_0"
0.24566983748210258,"http://iasted#Tip","=","http://sigkdd#Fee","cluster_0"
0.13245847026112073,"http://iasted#Author_attendee_book_registration_fee","=","http://sigkdd#Author_of_paper_student","cluster_0"
0.066718329590322,"http://iasted#is_used_for","=","http://sigkdd#designed_by","cluster_0"
0.12449801064323428,"http://iasted#One_day_presenter","=","http://sigkdd#Document","cluster_0"
0.028253755718630133,"http://iasted#Receiving_manuscript","=","http://sigkdd#Author_of_paper","cluster_0"
0.0,"http://iasted#Initial_manuscipt","=","http://sigkdd#Author_of_paper","cluster_0"
0.07670515967808199,"http://iasted#IASTED_non_member","=","http://sigkdd#Webmaster","cluster_0"
0.08346410297253308,"http://iasted#is_prepared_by","=","http://sigkdd#presentation","cluster_0"
0.1059697095453138,"http://iasted#Form","=","http://sigkdd#Abstract","cluster_0"
0.27994127991583273,"http://iasted#Session_chair","=","http://sigkdd#Program_Chair","cluster_0"
0.06842047173434165,"http://iasted#Tutorial","=","http://sigkdd#Hotel","cluster_0"
0.10013688007869181,"http://iasted#Author_book_proceedings_included","=","http://sigkdd#Place","cluster_0"
0.26970243326301485,"http://iasted#is_paid_for","=","http://sigkdd#payed_by","cluster_0"
0.2159180795205059,"http://iasted#is_prepared_by","=","http://sigkdd#presentationed_by","cluster_0"
0.31561822732379324,"http://iasted#Memeber_registration_fee","=","http://sigkdd#Registration_SIGMOD_Member","cluster_0"
0.15910878040868037,"http://iasted#is_sent_before","=","http://sigkdd#presentation","cluster_0"
0.04992434317291343,"http://iasted#is_designed_for","=","http://sigkdd#E-mail","cluster_0"
0.07880970170485739,"http://iasted#is_prepared_by","=","http://sigkdd#pay","cluster_0"
0.10741951156518392,"http://iasted#Time","=","http://www.w3.org/2002/07/owl#Thing","cluster_0"
0.07459526249942025,"http://iasted#is_prepared_by","=","http://sigkdd#Price","cluster_0"
0.3930574626561053,"http://iasted#Activity_before_conference","=","http://sigkdd#Conference","cluster_0"
0.0440531909659843,"http://iasted#Presenter_city","=","http://sigkdd#Webmaster","cluster_0"
0.10570337301012674,"http://iasted#is_sent_by","=","http://sigkdd#holded_by","cluster_0"
0.09550514259075722,"http://iasted#is_dated_on","=","http://sigkdd#presentationed_by","cluster_0"
0.19388593612287516,"http://iasted#Invitation_letter","=","http://sigkdd#Registration_fee","cluster_0"
0.09943657481999284,"http://iasted#is_needed_for","=","http://sigkdd#E-mail","cluster_0"
0.25210302896659653,"http://iasted#is_used_by","=","http://sigkdd#awarded_by","cluster_0"
0.5582572209483906,"http://iasted#Student_registration_fee","=","http://sigkdd#Registration_fee","cluster_0"
0.31134203973865837,"http://iasted#IASTED_non_member","=","http://sigkdd#Registration_Non-Member","cluster_0"
0.34071856643182696,"http://iasted#Memeber_registration_fee","=","http://sigkdd#Registration_Non-Member","cluster_0"
0.059455837303786126,"http://iasted#Viza","=","http://sigkdd#Organizing_Committee","cluster_0"
0.05031573520918575,"http://iasted#Conference_airport","=","http://sigkdd#Author_of_paper","cluster_0"
0.08864183667270994,"http://iasted#pay","=","http://sigkdd#award","cluster_0"
0.13647068019722208,"http://iasted#Technical_commitee","=","http://sigkdd#Best_Paper_Awards_Committee","cluster_0"
0.16039976590829136,"http://iasted#is_sent_by","=","http://sigkdd#submit_until","cluster_0"
0.10957746385839703,"http://iasted#Sponsor","=","http://sigkdd#Platinum_Supporter","cluster_0"
0.18697925196308532,"http://iasted#Registration_fee","=","http://sigkdd#Sponzor_fee","cluster_0"
0.18986767022797504,"http://iasted#is_occupied_by","=","http://sigkdd#searched_by","cluster_0"
0.16238249136809332,"http://iasted#send","=","http://sigkdd#submit","cluster_0"
0.15124266418745572,"http://iasted#Session_room","=","http://sigkdd#Registration_fee","cluster_0"
0.17876094482017899,"http://iasted#Author_cd_proceedings_included","=","http://sigkdd#Author_of_paper_student","cluster_0"
0.10355940334819953,"http://iasted#Hotel_fee","=","http://sigkdd#Committee","cluster_0"
0.3173084846752226,"http://iasted#Memeber_registration_fee","=","http://sigkdd#Registration_SIGKDD_Member","cluster_0"
0.27944888892420494,"http://iasted#IASTED_member","=","http://sigkdd#Registration_SIGMOD_Member","cluster_0"
0.05216697101748935,"http://iasted#Sponzorship","=","http://sigkdd#Author","cluster_0"
0.062432482237970814,"http://iasted#Credit_card","=","http://sigkdd#Author_of_paper","cluster_0"
0.12001495097918853,"http://iasted#Listener","=","http://sigkdd#Hotel","cluster_0"
0.07166997019398742,"http://iasted#Cd_proceening","=","http://sigkdd#Paper","cluster_0"
1.0,"http://iasted#Document","=","http://sigkdd#Document","cluster_0"
0.07567732184637188,"http://iasted#is_held_before","=","http://sigkdd#E-mail","cluster_0"
0.21352186525932915,"http://iasted#is_equipped_by","=","http://sigkdd#designed_by","cluster_0"
0.1051311370388085,"http://iasted#occupy","=","http://sigkdd#presentationed_by","cluster_0"
0.5937650881004052,"http://iasted#is_signed_by","=","http://sigkdd#designed_by","cluster_0"
0.19576668712820264,"http://iasted#Student_non_speaker","=","http://sigkdd#Registration_Student","cluster_0"
0.3877341182924279,"http://iasted#Author_information_form","=","http://sigkdd#Author","cluster_0"
0.19828107047595628,"http://iasted#Speaker","=","http://sigkdd#Paper","cluster_0"
0.06109114084263935,"http://iasted#Author","=","http://sigkdd#Person","cluster_0"
0.26857993775696565,"http://iasted#is_paid_with","=","http://sigkdd#payed_by","cluster_0"
0.15144856959545616,"http://iasted#is_sent_by","=","http://sigkdd#submit","cluster_0"
0.10529336450780169,"http://iasted#Presenter_university","=","http://sigkdd#Silver_Supporter","cluster_0"
0.03285176889643052,"http://iasted#is_connected_with","=","http://sigkdd#Name_of_conference","cluster_0"
0.12791952347873234,"http://iasted#Session","=","http://sigkdd#Conference_hall","cluster_0"
0.5900400790969137,"http://iasted#Conference_state","=","http://sigkdd#Conference","cluster_0"
0.07853629460957205,"http://iasted#Lecture","=","http://sigkdd#Abstract","cluster_0"
0.21804024745825312,"http://iasted#Credit_card","=","http://sigkdd#Award","cluster_0"
0.11061697477923176,"http://iasted#Worker_non_speaker","=","http://sigkdd#Registration_Non-Member","cluster_0"
0.4450049595593144,"http://iasted#Registration_form","=","http://sigkdd#Registration_Student","cluster_0"
0.2768610168724637,"http://iasted#is_held_after","=","http://sigkdd#holded_by","cluster_0"
0.2186477984376519,"http://iasted#IASTED_member","=","http://sigkdd#Registration_SIGKDD_Member","cluster_0"
0.03409185543821796,"http://iasted#Conference_days","=","http://sigkdd#Author_of_paper","cluster_0"
0.1219436628045417,"http://iasted#is_present","=","http://sigkdd#Price","cluster_0"
0.30390603090458507,"http://iasted#is_paid_by","=","http://sigkdd#pay","cluster_0"
0.2682450722190631,"http://iasted#Sponsor_company_house","=","http://sigkdd#Sponzor","cluster_0"
0.0066587439502199105,"http://iasted#Registration","=","http://sigkdd#Author_of_paper_student","cluster_0"
0.42064357461815344,"http://iasted#Registration_fee","=","http://sigkdd#Registration_Non-Member","cluster_0"
0.03155264561562465,"http://iasted#has_amount_of","=","http://sigkdd#notification_until","cluster_0"
0.3131314523942785,"http://iasted#Plenary_lecture_speaker","=","http://sigkdd#Speaker","cluster_0"
0.1077831193021851,"http://iasted#is_held_before","=","http://sigkdd#holded_by","cluster_0"
0.06810830715845881,"http://iasted#send","=","http://sigkdd#can_stay_in","cluster_0"
0.1073351654590009,"http://iasted#occupy","=","http://sigkdd#designed_by","cluster_0"
0.08978922896571416,"http://iasted#Introduction_of_speaker","=","http://sigkdd#Registration_Non-Member","cluster_0"
0.11115349534724386,"http://iasted#Plenary_lecture","=","http://sigkdd#Award","cluster_0"
0.10392613599870668,"http://iasted#Memeber_registration_fee","=","http://sigkdd#Program_Committee_member","cluster_0"
0.10746765339846351,"http://iasted#Book_proceeding","=","http://sigkdd#Review","cluster_0"
0.17881390772583702,"http://iasted#is_prepared_by","=","http://sigkdd#awarded_by","cluster_0"
0.06611348023990525,"http://iasted#Delegate","=","http://sigkdd#Place","cluster_0"
0.058388146678032285,"http://iasted#write","=","http://sigkdd#presentationed_by","cluster_0"
0.4109098782218865,"http://iasted#Activity_after_conference","=","http://sigkdd#Conference","cluster_0"
0.04011365385582272,"http://iasted#has_amount_of","=","http://sigkdd#City_of_conference","cluster_0"
0.048531003073181554,"http://iasted#Cd_proceening","=","http://sigkdd#Program_Chair","cluster_0"
0.19023967973051847,"http://iasted#Student_lecturer","=","http://sigkdd#Author_of_paper_student","cluster_0"
0.217910577399228,"http://iasted#sign","=","http://sigkdd#award","cluster_0"
0.31504624871522446,"http://iasted#Registation_deadline","=","http://sigkdd#Registration_Student","cluster_0"
0.5341551673185077,"http://iasted#Conference_hall","=","http://sigkdd#Conference","cluster_0"
0.07196352085562886,"http://iasted#prepare","=","http://sigkdd#payed_by","cluster_0"
0.18208759887139406,"http://iasted#is_needed_for","=","http://sigkdd#holded_by","cluster_0"
0.11658674520314655,"http://iasted#Lecturer","=","http://sigkdd#Paper","cluster_0"
0.06493937234536179,"http://iasted#Activity","=","http://sigkdd#Exhibitor","cluster_0"
0.08885964971567395,"http://iasted#Nonmember_registration_fee","=","http://sigkdd#Abstract","cluster_0"
0.1469432298642077,"http://iasted#Fee_for_extra_trip","=","http://sigkdd#Registration_fee","cluster_0"
0.15224824722070546,"http://iasted#Time","=","http://sigkdd#Listener","cluster_0"
0.22122919866078886,"http://iasted#Activity_before_conference","=","http://sigkdd#Conference_hall","cluster_0"
0.04591981342575805,"http://iasted#Conference_city","=","http://sigkdd#Registration_fee","cluster_0"
0.14517208955464714,"http://iasted#State","=","http://sigkdd#Best_Student_Paper_Supporter","cluster_0"
0.10971527885696034,"http://iasted#Renting","=","http://sigkdd#Review","cluster_0"
0.1426188542351251,"http://iasted#Introduction_of_speaker","=","http://sigkdd#Author_of_paper","cluster_0"
0.09798879048060605,"http://iasted#Lecture","=","http://sigkdd#Listener","cluster_0"
0.03961156817726139,"http://iasted#Trip_day","=","http://sigkdd#Author","cluster_0"
0.22376827024098372,"http://iasted#Hotel_fee","=","http://sigkdd#Registration_fee","cluster_0"
0.055864893336899604,"http://iasted#Welcome_address","=","http://sigkdd#ACM_SIGKDD","cluster_0"
0.20899076638536637,"http://iasted#is_signed_by","=","http://sigkdd#holded_by","cluster_0"
0.5062570297213888,"http://iasted#Conference_restaurant","=","http://sigkdd#Conference","cluster_0"
0.09190275198936965,"http://iasted#Presenter_university","=","http://sigkdd#Author_of_paper_student","cluster_0"
0.1282808465328642,"http://iasted#Author_attendee_cd_registration_fee","=","http://sigkdd#Deadline_Author_notification","cluster_0"
0.0072326028067214955,"http://iasted#Single_hotel_room","=","http://sigkdd#Author_of_paper","cluster_0"
0.14320254064412222,"http://iasted#Author_attendee_book_registration_fee","=","http://sigkdd#Registration_SIGKDD_Member","cluster_0"
0.08932243876205602,"http://iasted#Transport_vehicle","=","http://sigkdd#Sponzor","cluster_0"
0.035932591719593225,"http://iasted#Submissions_deadline","=","http://sigkdd#Author_of_paper_student","cluster_0"
0.2363255969429742,"http://iasted#Student_lecturer","=","http://sigkdd#Registration_Student","cluster_0"
0.15130197182840865,"http://iasted#prepare","=","http://sigkdd#Price","cluster_0"
0.1347098169369722,"http://iasted#State","=","http://sigkdd#Committee","cluster_0"
0.09698527933988492,"http://iasted#Camera_ready_manuscript_deadline","=","http://sigkdd#Deadline_Author_notification","cluster_0"
0.1802083682423503,"http://iasted#is_present_in","=","http://sigkdd#submit","cluster_0"
0.15312414786107245,"http://iasted#Speaker","=","http://sigkdd#Sponzor","cluster_0"
0.18622202921265255,"http://iasted#Plenary_lecture_speaker","=","http://sigkdd#Invited_Speaker","cluster_0"
0.12366062577775826,"http://iasted#Currency","=","http://sigkdd#Conference_hall","cluster_0"
0.03804693693735528,"http://iasted#Cheque","=","http://sigkdd#Author","cluster_0"
0.06888015979948513,"http://iasted#Lecture","=","http://sigkdd#Document","cluster_0"
0.10344345751504554,"http://iasted#send","=","http://sigkdd#Currency","cluster_0"
0.030217361907880075,"http://iasted#LCD_projector","=","http://sigkdd#Organizator","cluster_0"
0.18883773628081718,"http://iasted#is_present","=","http://sigkdd#submit_until","cluster_0"
0.33000706823277753,"http://iasted#is_held_after","=","http://sigkdd#hold","cluster_0"
0.24136570576509705,"http://iasted#Student_non_speaker","=","http://sigkdd#Best_Student_Paper_Award","cluster_0"
0.08948404786057133,"http://iasted#pay","=","http://sigkdd#can_stay_in","cluster_0"
0.5376376133805987,"http://iasted#Conference_activity","=","http://sigkdd#Conference","cluster_0"
0.1749691700759323,"http://iasted#Submissions_deadline","=","http://sigkdd#Deadline_Author_notification","cluster_0"
0.13578247800696636,"http://iasted#State","=","http://sigkdd#Place","cluster_0"
0.32357705137991855,"http://iasted#send","=","http://sigkdd#End_of_conference","cluster_0"
0.030653964317675874,"http://iasted#Camera_ready_manuscript_deadline","=","http://sigkdd#Author_of_paper","cluster_0"
0.4517004479833434,"http://iasted#One_conference_day","=","http://sigkdd#Conference","cluster_0"
0.13126609913525702,"http://iasted#PowerPoint_presentation","=","http://sigkdd#Registration_fee","cluster_0"
0.37901933930863924,"http://iasted#Hotel_fee","=","http://sigkdd#Fee","cluster_0"
0.41780045354401896,"http://iasted#Registration_form","=","http://sigkdd#Registration_Non-Member","cluster_0"
0.47481907873633855,"http://iasted#Conference_city","=","http://sigkdd#Conference_hall","cluster_0"
0.13042276306719316,"http://iasted#LCD_projector","=","http://sigkdd#Exhibitor","cluster_0"
0.08629730354622432,"http://iasted#Fee","=","http://sigkdd#Author_of_paper","cluster_0"
0.06405144623343721,"http://iasted#is_used_for","=","http://sigkdd#awarded_by","cluster_0"
0.07392594255747079,"http://iasted#Sponsor_state","=","http://sigkdd#Author_of_paper_student","cluster_0"
0.18224614800054323,"http://iasted#is_paid_by","=","http://sigkdd#searched_by","cluster_0"
0.22328875544596527,"http://iasted#Author_attendee_book_registration_fee","=","http://sigkdd#Fee","cluster_0"
0.11372048041150794,"http://iasted#Trip_day","=","http://sigkdd#Abstract","cluster_0"
0.12909421997588388,"http://iasted#Delegate","=","http://sigkdd#Hotel","cluster_0"
0.07941470129519526,"http://iasted#Tip","=","http://sigkdd#Sponzor_fee","cluster_0"
0.086042418395995,"http://iasted#Activity","=","http://sigkdd#Place","cluster_0"
0.08883535116354847,"http://iasted#is_given_by","=","http://sigkdd#presentationed_by","cluster_0"
0.14569103895537802,"http://iasted#is_paid_by","=","http://sigkdd#presentationed_by","cluster_0"
0.20540587887397388,"http://iasted#is_equipped_by","=","http://sigkdd#searched_by","cluster_0"
0.09537095257612091,"http://iasted#is_situated_in","=","http://sigkdd#presentationed_by","cluster_0"
0.08796236003477839,"http://iasted#Hotel_fee","=","http://sigkdd#Author","cluster_0"
0.13344296505514822,"http://iasted#Session_room","=","http://sigkdd#Conference","cluster_0"
0.045363661742207136,"http://iasted#Refusing_manuscript","=","http://sigkdd#Author_of_paper","cluster_0"
0.05148723391198452,"http://iasted#Registration","=","http://sigkdd#Platinum_Supporter","cluster_0"
0.15665189726327,"http://iasted#Author_attendee_cd_registration_fee","=","http://sigkdd#Registration_Non-Member","cluster_0"
0.572996589099476,"http://iasted#Registration","=","http://sigkdd#Registration_Student","cluster_0"
0.10586831225017415,"http://iasted#is_dated_on","=","http://sigkdd#Nation","cluster_0"
0.6747839590278769,"http://iasted#Reviewer","=","http://sigkdd#Review","cluster_0"
0.09343727527418477,"http://iasted#Nonmember_registration_fee","=","http://sigkdd#Sponzor_fee","cluster_0"
0.30819904690649114,"http://iasted#is_paid_for","=","http://sigkdd#pay","cluster_0"
0.11805677827329272,"http://iasted#Author_attendee_book_registration_fee","=","http://sigkdd#Deadline_Author_notification","cluster_0"
0.08689447533298239,"http://iasted#State","=","http://sigkdd#Best_Applications_Paper_Award","cluster_0"
0.963294408360944,"http://iasted#Person","=","http://sigkdd#Person","cluster_0"
0.11956644587661278,"http://iasted#write","=","http://sigkdd#E-mail","cluster_0"
0.21591441891603508,"http://iasted#is_present_in","=","http://sigkdd#submit_until","cluster_0"
0.2474129576332978,"http://iasted#send","=","http://sigkdd#presentationed_by","cluster_0"
0.16633013628052387,"http://iasted#Place","=","http://sigkdd#Best_Applications_Paper_Award","cluster_0"
0.21235755623976385,"http://iasted#Student_registration_fee","=","http://sigkdd#Registration_SIGKDD_Member","cluster_0"
0.05759109983260546,"http://iasted#Session_room","=","http://sigkdd#Conference_hall","cluster_0"
0.20542381201917512,"http://iasted#is_sent_after","=","http://sigkdd#presentation","cluster_0"
0.1473214964107585,"http://iasted#Technical_commitee","=","http://sigkdd#Organizing_Committee_member","cluster_0"
0.12289747663884006,"http://iasted#Computer","=","http://sigkdd#Hotel","cluster_0"
0.12140084637665213,"http://iasted#Sponsor","=","http://sigkdd#Bronze_Supporter","cluster_0"
0.1503865212414815,"http://iasted#Author_information_form","=","http://sigkdd#Person","cluster_0"
0.23350470652225205,"http://iasted#Social_program","=","http://sigkdd#Program_Committee","cluster_0"
0.4865430210871313,"http://iasted#Conference_days","=","http://sigkdd#Conference_hall","cluster_0"
0.27417080719922154,"http://iasted#Item","=","http://sigkdd#Hotel","cluster_0"
0.1491031813397533,"http://iasted#City","=","http://sigkdd#Place","cluster_0"
0.07573883555145616,"http://iasted#Cd_proceening","=","http://sigkdd#Author_of_paper","cluster_0"
0.20364435963740463,"http://iasted#Transparency","=","http://sigkdd#Conference","cluster_0"
0.4369413555556596,"http://iasted#Registation_deadline","=","http://sigkdd#Deadline","cluster_0"
0.10483989394711475,"http://iasted#Final_manuscript","=","http://sigkdd#General_Chair","cluster_0"
0.18064868954609462,"http://iasted#is_signed_by","=","http://sigkdd#awarded_by","cluster_0"
0.042976415750283284,"http://iasted#is_dated_on","=","http://sigkdd#payed_by","cluster_0"
0.1852890669849637,"http://iasted#Viza","=","http://sigkdd#Review","cluster_0"
0.09038411671675983,"http://iasted#is_dated_on","=","http://sigkdd#designed_by","cluster_0"
0.1141857256966995,"http://iasted#Person","=","http://sigkdd#Best_Student_Paper_Supporter","cluster_0"
0.07479394994951592,"http://iasted#speak_in","=","http://sigkdd#E-mail","cluster_0"
0.27103213815812205,"http://iasted#Registation_deadline","=","http://sigkdd#Registration_Non-Member","cluster_0"
0.09176471118205178,"http://iasted#City","=","http://sigkdd#Committee","cluster_0"
0.348297325586809,"http://iasted#Worker_non_speaker","=","http://sigkdd#Speaker","cluster_0"
0.4948378452113167,"http://iasted#is_dated_on","=","http://sigkdd#Date","cluster_0"
0.13523577724404628,"http://iasted#is_sent_before","=","http://sigkdd#presentationed_by","cluster_0"
0.08265414481621797,"http://iasted#Fee","=","http://sigkdd#Review","cluster_0"
0.13071329744337132,"http://iasted#IASTED_member","=","http://sigkdd#Webmaster","cluster_0"
0.16494980238458062,"http://iasted#Deadline_for_notification_of_acceptance","=","http://sigkdd#Deadline_Paper_Submission","cluster_0"
0.10880479368452166,"http://iasted#Credit_card","=","http://sigkdd#Paper","cluster_0"
0.09405196752877049,"http://iasted#is_present_in","=","http://sigkdd#E-mail","cluster_0"
0.11284662902583123,"http://iasted#Presentation","=","http://sigkdd#Document","cluster_0"
0.17111531275848665,"http://iasted#Author_information_form","=","http://sigkdd#Deadline_Author_notification","cluster_0"
0.28528779394803794,"http://iasted#Author_attendee_book_registration_fee","=","http://sigkdd#Author","cluster_0"
0.12411245183142365,"http://iasted#Departure_tax","=","http://sigkdd#Award","cluster_0"
0.12303973853404143,"http://iasted#Student_registration_fee","=","http://sigkdd#Sponzor_fee","cluster_0"
0.11118252342752674,"http://iasted#Camera_ready_manuscript_deadline","=","http://sigkdd#Deadline_Paper_Submission","cluster_0"
0.11840360363601142,"http://iasted#Card","=","http://sigkdd#Author_of_paper","cluster_0"
0.1635698358170216,"http://iasted#IASTED_non_member","=","http://sigkdd#Program_Committee_member","cluster_0"
0.18354049224917923,"http://iasted#is_paid_by","=","http://sigkdd#awarded_by","cluster_0"
0.05559431271545867,"http://iasted#Author_attendee_book_registration_fee","=","http://sigkdd#Sponzor_fee","cluster_0"
0.5201248533548561,"http://iasted#Conference_Hiker","=","http://sigkdd#Conference","cluster_0"
0.0986406293317072,"http://iasted#Place","=","http://sigkdd#Main_office","cluster_0"
0.9315921654185801,"http://iasted#Deadline","=","http://sigkdd#Deadline","cluster_0"
0.32098136170835084,"http://iasted#One_conference_day","=","http://sigkdd#Conference_hall","cluster_0"
0.1173397033900418,"http://iasted#Sponsor","=","http://sigkdd#Silver_Supporter","cluster_0"
0.3677257270221219,"http://iasted#Author","=","http://sigkdd#Deadline_Author_notification","cluster_0"
0.3830876525437762,"http://iasted#Registration_form","=","http://sigkdd#Registration_SIGMOD_Member","cluster_0"
0.17840016158524216,"http://iasted#Author_book_proceedings_included","=","http://sigkdd#Author_of_paper_student","cluster_0"
0.061480686688622624,"http://iasted#prepare","=","http://sigkdd#award","cluster_0"
0.6188182691217997,"http://iasted#Conference_city","=","http://sigkdd#Conference","cluster_0"
0.20775675679270536,"http://iasted#Introduction_of_speaker","=","http://sigkdd#Invited_Speaker","cluster_0"
0.2508618851048586,"http://iasted#Modelling","=","http://www.w3.org/2002/07/owl#Thing","cluster_0"
0.05501658242571175,"http://iasted#has_amount_of","=","http://sigkdd#End_of_conference","cluster_0"
0.05825273174977684,"http://iasted#Author_attendee_cd_registration_fee","=","http://sigkdd#Abstract","cluster_0"
0.10132493386214697,"http://iasted#Introduction_of_speaker","=","http://sigkdd#Author_of_paper_student","cluster_0"
0.171712399391272,"http://iasted#is_sent_after","=","http://sigkdd#submit_until","cluster_0"
0.19072090658175922,"http://iasted#Nonauthor_registration_fee","=","http://sigkdd#Registration_SIGKDD_Member","cluster_0"
0.400590174679272,"http://iasted#Deadline","=","http://sigkdd#Deadline_Abstract_Submission","cluster_0"
0.11002098142294449,"http://iasted#Speaker","=","http://sigkdd#Author","cluster_0"
0.11971061888142447,"http://iasted#Registration_form","=","http://sigkdd#Abstract","cluster_0"
0.09919419990697496,"http://iasted#is_writen_by","=","http://sigkdd#presentationed_by","cluster_0"
0.02835532069371535,"http://iasted#Hotel_registration_form","=","http://sigkdd#Author_of_paper","cluster_0"
0.9248015943904291,"http://iasted#Place","=","http://sigkdd#Place","cluster_0"
0.15111831045612226,"http://iasted#Mailing_list","=","http://sigkdd#Main_office","cluster_0"
0.1428200904060577,"http://iasted#Author_book_proceedings_included","=","http://sigkdd#Deadline_Author_notification","cluster_0"
0.1524135412259735,"http://iasted#State","=","http://sigkdd#Registration_Student","cluster_0"
0.540639809972197,"http://iasted#Conference_Hiker","=","http://sigkdd#Conference_hall","cluster_0"
0.08463778357536382,"http://iasted#Departure","=","http://sigkdd#Gold_Supporter","cluster_0"
0.10210074256572278,"http://iasted#Author_cd_proceedings_included","=","http://sigkdd#Place","cluster_0"
0.031696915647886834,"http://iasted#Student_registration_fee","=","http://sigkdd#Document","cluster_0"
0.11870809463846695,"http://iasted#Sponsor","=","http://sigkdd#Person","cluster_0"
0.11529522923142756,"http://iasted#Trip_city","=","http://sigkdd#Abstract","cluster_0"
0.20196107605231498,"http://iasted#Computer","=","http://sigkdd#Webmaster","cluster_0"
0.14122824413435664,"http://iasted#Presenter_state","=","http://sigkdd#Best_Student_Paper_Supporter","cluster_0"
0.2340369738675682,"http://iasted#Speaker_lecture","=","http://sigkdd#Invited_Speaker","cluster_0"
0.13739314481568043,"http://iasted#Modelling","=","http://sigkdd#Hotel","cluster_0"
0.2283778850072844,"http://iasted#Worker_non_speaker","=","http://sigkdd#Invited_Speaker","cluster_0"
0.1250342968962544,"http://iasted#Person","=","http://sigkdd#Author_of_paper_student","cluster_0"
0.049331113303343575,"http://iasted#LCD_projector","=","http://sigkdd#Author_of_paper","cluster_0"
0.03612623547134033,"http://iasted#Presenter_state","=","http://sigkdd#Webmaster","cluster_0"
0.19655076797812687,"http://iasted#Card","=","http://sigkdd#Best_Student_Paper_Award","cluster_0"
0.045817682946942995,"http://iasted#Accepting_manuscript","=","http://sigkdd#Author_of_paper","cluster_0"
0.04956842594855253,"http://iasted#Invitation_letter","=","http://sigkdd#Webmaster","cluster_0"
0.2937725107361623,"http://iasted#Author_book_proceedings_included","=","http://sigkdd#Author","cluster_0"
0.17485127858025312,"http://iasted#Brief_introduction_for_Session_chair","=","http://sigkdd#Program_Chair","cluster_0"
0.1390992657481556,"http://iasted#is_sent_by","=","http://sigkdd#designed_by","cluster_0"
0.5465176845072928,"http://iasted#Conference_building","=","http://sigkdd#Conference","cluster_0"
0.04902338002522277,"http://iasted#Brief_introduction_for_Session_chair","=","http://sigkdd#Conference","cluster_0"
0.47569506459486505,"http://iasted#Registration","=","http://sigkdd#Registration_SIGKDD_Member","cluster_0"
0.23320607755982012,"http://iasted#Money","=","http://sigkdd#Person","cluster_0"
0.18454583494689333,"http://iasted#give","=","http://sigkdd#payed_by","cluster_0"
0.40569631022141256,"http://iasted#Deadline","=","http://sigkdd#Deadline_Author_notification","cluster_0"
0.1144420819393561,"http://iasted#Tip","=","http://sigkdd#Author","cluster_0"
0.20269962514162385,"http://iasted#is_prepared_by","=","http://sigkdd#searched_by","cluster_0"
0.08963773763614663,"http://iasted#Person","=","http://sigkdd#Best_Student_Paper_Award","cluster_0"
0.05143233009526466,"http://iasted#Introduction","=","http://sigkdd#Author_of_paper_student","cluster_0"
0.4735454821446459,"http://iasted#Registration","=","http://sigkdd#Registration_SIGMOD_Member","cluster_0"
0.12122341955727901,"http://iasted#Renting","=","http://sigkdd#Document","cluster_0"
0.22147938017930605,"http://iasted#Car","=","http://sigkdd#Award","cluster_0"
0.1635981544900615,"http://iasted#is_visited_by","=","http://sigkdd#presentationed_by","cluster_0"
0.07138911256700871,"http://iasted#Presenter_state","=","http://sigkdd#Silver_Supporter","cluster_0"
0.23615301619677098,"http://iasted#is_used_by","=","http://sigkdd#searched_by","cluster_0"
0.9315243162694651,"http://iasted#Author","=","http://sigkdd#Author","cluster_0"
0.0872927492517833,"http://iasted#Person","=","http://sigkdd#Silver_Supporter","cluster_0"
0.23111003347947967,"http://iasted#is_signed_by","=","http://sigkdd#design","cluster_0"
0.046271294149767175,"http://iasted#Author_attendee_cd_registration_fee","=","http://sigkdd#Sponzor_fee","cluster_0"
0.3366302603777234,"http://iasted#is_held_in","=","http://sigkdd#hold","cluster_0"
0.09906712730004244,"http://iasted#Introduction","=","http://sigkdd#Document","cluster_0"
0.3037872065409592,"http://iasted#Coffee_break","=","http://sigkdd#Fee","cluster_0"
0.24467839162811345,"http://iasted#is_sent_by","=","http://sigkdd#presentationed_by","cluster_0"
0.45325230228838737,"http://iasted#Research","=","http://sigkdd#Best_Research_Paper_Award","cluster_0"
0.05018101410625245,"http://iasted#Cd_proceening","=","http://sigkdd#Document","cluster_0"
0.07440258640866597,"http://iasted#Audiovisual_equipment","=","http://sigkdd#Author_of_paper_student","cluster_0"
0.2772667672394504,"http://iasted#Session","=","http://sigkdd#Conference","cluster_0"
0.07034415558323455,"http://iasted#Plenary_lecture","=","http://sigkdd#Place","cluster_0"
0.043365618538631655,"http://iasted#PowerPoint_presentation","=","http://sigkdd#Document","cluster_0"
0.12716779315935625,"http://iasted#Taxi","=","http://www.w3.org/2002/07/owl#Thing","cluster_0"
0.05945815100765094,"http://iasted#Non_speaker","=","http://sigkdd#Person","cluster_0"
0.08916782532112431,"http://iasted#need","=","http://sigkdd#designed_by","cluster_0"
0.10919371828980096,"http://iasted#Publication","=","http://sigkdd#Place","cluster_0"
0.07502069478944232,"http://www.w3.org/2002/07/owl#Thing","=","http://sigkdd#Organizing_Committee_member","cluster_0"
0.10234016512110763,"http://iasted#Initial_manuscipt","=","http://sigkdd#General_Chair","cluster_0"
0.38057367593048097,"http://iasted#is_paid_by","=","http://sigkdd#payed_by","cluster_0"
0.10807260598684405,"http://iasted#Presentation","=","http://sigkdd#Registration_SIGKDD_Member","cluster_0"
0.09283705428041931,"http://iasted#is_held_in","=","http://sigkdd#can_stay_in","cluster_0"
0.06988872774921116,"http://iasted#Introduction","=","http://sigkdd#Registration_Non-Member","cluster_0"
0.11643677165087767,"http://iasted#Sponsor","=","http://sigkdd#Gold_Supporter","cluster_0"
0.9622195979525316,"http://iasted#Fee","=","http://sigkdd#Fee","cluster_0"
0.21122411579919714,"http://iasted#Viza","=","http://sigkdd#Organizator","cluster_0"
0.13359567693640814,"http://iasted#obtain","=","http://sigkdd#can_stay_in","cluster_0"
0.18382606152265593,"http://iasted#Student_non_speaker","=","http://sigkdd#Best_Student_Paper_Supporter","cluster_0"
0.13369162460362055,"http://iasted#Research","=","http://sigkdd#Review","cluster_0"
0.36736569392305074,"http://iasted#Double_hotel_room","=","http://sigkdd#Hotel","cluster_0"
0.19787523899235862,"http://iasted#Card","=","http://sigkdd#Best_Applications_Paper_Award","cluster_0"
0.10413655122674617,"http://iasted#Author","=","http://sigkdd#Exhibitor","cluster_0"
0.18530131841786313,"http://iasted#is_paid_by","=","http://sigkdd#designed_by","cluster_0"
0.2593115320372249,"http://iasted#Author_information_form","=","http://sigkdd#Author_of_paper","cluster_0"
0.14980791053496728,"http://iasted#IASTED_non_member","=","http://sigkdd#Organizing_Committee_member","cluster_0"
0.2204982441634677,"http://iasted#Author_attendee_cd_registration_fee","=","http://sigkdd#Fee","cluster_0"
0.053042681888462964,"http://iasted#Departure_tax","=","http://sigkdd#Author_of_paper","cluster_0"
0.5541260346106461,"http://iasted#Memeber_registration_fee","=","http://sigkdd#Registration_fee","cluster_0"
0.12772865554334906,"http://iasted#Sponsor","=","http://sigkdd#Speaker","cluster_0"
0.15465688805365327,"http://iasted#Student_registration_fee","=","http://sigkdd#Best_Student_Paper_Award","cluster_0"
0.5263161115764518,"http://iasted#sign","=","http://sigkdd#design","cluster_0"
0.10541433123968565,"http://iasted#Book_proceeding","=","http://sigkdd#Place","cluster_0"
0.08624499070851468,"http://iasted#Computer","=","http://sigkdd#Best_Paper_Awards_Committee","cluster_0"
0.5012628014435291,"http://iasted#Submission","=","http://sigkdd#Deadline_Paper_Submission","cluster_0"
0.08564852632570885,"http://iasted#is_writen_by","=","http://sigkdd#holded_by","cluster_0"
0.3707733877891244,"http://iasted#Conference_restaurant","=","http://sigkdd#Conference_hall","cluster_0"
0.03692627195760333,"http://iasted#Coffee_break","=","http://sigkdd#Author_of_paper","cluster_0"
0.08967963177969755,"http://iasted#has_amount_of","=","http://sigkdd#pay","cluster_0"
0.24286006564174614,"http://iasted#Nonauthor_registration_fee","=","http://sigkdd#Registration_Student","cluster_0"
0.14427789769855537,"http://iasted#Author_attendee_book_registration_fee","=","http://sigkdd#Registration_SIGMOD_Member","cluster_0"
0.2236034219617496,"http://iasted#give","=","http://sigkdd#pay","cluster_0"
0.3943554730316721,"http://iasted#Fee","=","http://sigkdd#Sponzor_fee","cluster_0"
0.11002098142294449,"http://iasted#Author","=","http://sigkdd#Speaker","cluster_0"
0.4118950652080031,"http://iasted#Deadline_hotel_reservation","=","http://sigkdd#Deadline","cluster_0"
0.1498702967787085,"http://iasted#Dinner_banquet","=","http://sigkdd#Listener","cluster_0"
0.08480049029643943,"http://iasted#is_dated_on","=","http://sigkdd#holded_by","cluster_0"
0.39087613412410666,"http://iasted#Conference_activity","=","http://sigkdd#Conference_hall","cluster_0"
0.13601411491325696,"http://iasted#is_given_by","=","http://sigkdd#searched_by","cluster_0"
0.10742593182597741,"http://iasted#occupy","=","http://sigkdd#awarded_by","cluster_0"
0.1714450510360349,"http://iasted#Author_cd_proceedings_included","=","http://sigkdd#Author_of_paper","cluster_0"
0.2267092860180406,"http://iasted#Activity_after_conference","=","http://sigkdd#Conference_hall","cluster_0"
0.5369257914096676,"http://iasted#Speaker_lecture","=","http://sigkdd#Speaker","cluster_0"
0.0865089598983592,"http://iasted#Document","=","http://sigkdd#Best_Student_Paper_Award","cluster_0"
0.08028832660544498,"http://iasted#go_through","=","http://sigkdd#E-mail","cluster_0"
0.07154509266526961,"http://iasted#Card","=","http://sigkdd#Deadline_Paper_Submission","cluster_0"
0.17413884223608583,"http://iasted#Record_of_attendance","=","http://sigkdd#Author_of_paper","cluster_0"
0.22512205971877886,"http://iasted#Cd_proceening","=","http://www.w3.org/2002/07/owl#Thing","cluster_0"
0.05489485583096953,"http://iasted#Sponsor","=","http://sigkdd#Author","cluster_0"
0.035899192492024085,"http://iasted#Deadline_hotel_reservation","=","http://sigkdd#Author_of_paper","cluster_0"
0.1828386314044804,"http://iasted#is_present","=","http://sigkdd#submit","cluster_0"
0.09633975703101531,"http://iasted#Review","=","http://sigkdd#Fee","cluster_0"
0.1334085849744628,"http://iasted#need","=","http://sigkdd#E-mail","cluster_0"
0.28613422551618917,"http://iasted#Author_attendee_cd_registration_fee","=","http://sigkdd#Author","cluster_0"
0.10243435836722532,"http://iasted#Speaker","=","http://sigkdd#General_Chair","cluster_0"
0.12011040545409828,"http://iasted#give","=","http://sigkdd#E-mail","cluster_0"
0.18804702565220688,"http://iasted#is_visited_by","=","http://sigkdd#searched_by","cluster_0"
0.11639308609897658,"http://iasted#Full_day_tour","=","http://sigkdd#Exhibitor","cluster_0"
0.02250768166734741,"http://iasted#Double_hotel_room","=","http://sigkdd#Author_of_paper","cluster_0"
0.22801036462831167,"http://iasted#Hotel_fee","=","http://sigkdd#Sponzor_fee","cluster_0"
0.08099645936371402,"http://iasted#Simulating","=","http://sigkdd#Author_of_paper","cluster_0"
0.048760292142877706,"http://iasted#give","=","http://sigkdd#Name","cluster_0"
0.15253431026492312,"http://iasted#is_equipped_by","=","http://sigkdd#presentationed_by","cluster_0"
0.05306086915308684,"http://iasted#Registration_form","=","http://sigkdd#Platinum_Supporter","cluster_0"
0.1585814343191234,"http://iasted#Value_added_tax","=","http://sigkdd#Invited_Speaker","cluster_0"
0.1395587487528274,"http://iasted#is_situated_in","=","http://sigkdd#can_stay_in","cluster_0"
0.07345972187142676,"http://iasted#Payment_document","=","http://sigkdd#Award","cluster_0"
0.09029659698805603,"http://iasted#done_till","=","http://sigkdd#submit_until","cluster_0"
0.4183795406723899,"http://iasted#is_present","=","http://sigkdd#presentation","cluster_0"
0.09188714181167885,"http://iasted#Form","=","http://sigkdd#Conference","cluster_0"
0.1978495289992449,"http://iasted#is_sent_by","=","http://sigkdd#presentation","cluster_0"
0.06568947211683666,"http://iasted#occupy","=","http://sigkdd#Currency","cluster_0"
0.2451421028629543,"http://iasted#is_situated_in","=","http://sigkdd#Date","cluster_0"
0.07342645478068013,"http://iasted#Time_zone","=","http://sigkdd#Platinum_Supporter","cluster_0"
0.1482873656179167,"http://iasted#is_present_in","=","http://sigkdd#award","cluster_0"
0.14553981313212835,"http://iasted#Technical_commitee","=","http://sigkdd#Program_Committee_member","cluster_0"
0.5675430855087653,"http://iasted#Conference_hotel","=","http://sigkdd#Conference_hall","cluster_0"
0.08509742876461467,"http://iasted#Currency","=","http://sigkdd#Award","cluster_0"
0.07885788376694809,"http://iasted#Research","=","http://sigkdd#Author","cluster_0"
0.279192651721912,"http://iasted#Nonmember_registration_fee","=","http://sigkdd#Registration_SIGKDD_Member","cluster_0"
0.0852679217123991,"http://iasted#Payment_document","=","http://sigkdd#Author_of_paper_student","cluster_0"
0.18554640651382806,"http://iasted#Non_speaker","=","http://sigkdd#Registration_Non-Member","cluster_0"
0.5317786781244008,"http://iasted#pay","=","http://sigkdd#payed_by","cluster_0"
0.2438808460000081,"http://iasted#Hotel_registration_form","=","http://sigkdd#Registration_Non-Member","cluster_0"
0.22347094677672083,"http://iasted#is_given_to","=","http://sigkdd#pay","cluster_0"
0.5832694281101108,"http://iasted#is_designed_for","=","http://sigkdd#designed_by","cluster_0"
0.08703973639101535,"http://iasted#Tutorial","=","http://sigkdd#Organizator","cluster_0"
0.13176580345152306,"http://iasted#is_occupied_by","=","http://sigkdd#presentationed_by","cluster_0"
0.2590127530695031,"http://iasted#Memeber_registration_fee","=","http://sigkdd#Registration_Student","cluster_0"
0.16570561564524655,"http://iasted#is_given_by","=","http://sigkdd#designed_by","cluster_0"
0.2236761152891856,"http://iasted#is_signed_by","=","http://sigkdd#presentationed_by","cluster_0"
0.16401800604003328,"http://iasted#is_paid_by","=","http://sigkdd#holded_by","cluster_0"
0.18685340204144657,"http://iasted#is_held_before","=","http://sigkdd#hold","cluster_0"
0.15484996967428913,"http://iasted#Deadline_for_notification_of_acceptance","=","http://sigkdd#Deadline_Abstract_Submission","cluster_0"
0.14520686034735386,"http://iasted#State","=","http://sigkdd#Best_Student_Paper_Award","cluster_0"
0.23550793146171567,"http://iasted#Simulating","=","http://www.w3.org/2002/07/owl#Thing","cluster_0"
0.3333847421966252,"http://iasted#is_present_in","=","http://sigkdd#presentationed_by","cluster_0"
0.23968223580300213,"http://iasted#is_given_by","=","http://sigkdd#payed_by","cluster_0"
0.3729239138891605,"http://iasted#Sponsor_city","=","http://sigkdd#Sponzor","cluster_0"
0.48329152914522916,"http://iasted#Author","=","http://sigkdd#Author_of_paper","cluster_0"
0.07157766558876519,"http://iasted#Speaker","=","http://sigkdd#Author_of_paper_student","cluster_0"
0.11615402436557426,"http://iasted#pay","=","http://sigkdd#Price","cluster_0"
0.041224504150195386,"http://iasted#Transport_vehicle","=","http://sigkdd#Author","cluster_0"
0.06449703142895438,"http://iasted#Video_presentation","=","http://sigkdd#Document","cluster_0"
0.1464249976432,"http://iasted#Place","=","http://sigkdd#Platinum_Supporter","cluster_0"
0.2422508092121833,"http://iasted#Nonauthor_registration_fee","=","http://sigkdd#Author","cluster_0"
0.02227199604064943,"http://iasted#Non_speaker","=","http://sigkdd#Registration_SIGMOD_Member","cluster_0"
0.04718009790519933,"http://iasted#Deadline","=","http://sigkdd#Author_of_paper_student","cluster_0"
0.16822986257001177,"http://iasted#Student_non_speaker","=","http://sigkdd#Author_of_paper_student","cluster_0"
0.11473818203160674,"http://iasted#is_writen_by","=","http://sigkdd#designed_by","cluster_0"
0.04953845834484096,"http://iasted#Book_proceeding","=","http://sigkdd#Author_of_paper","cluster_0"
0.13088202558920192,"http://iasted#Session_chair","=","http://sigkdd#Registration_fee","cluster_0"
0.36857350614849305,"http://iasted#is_present_in","=","http://sigkdd#presentation","cluster_0"
0.22520056726394203,"http://iasted#Hotel_registration_form","=","http://sigkdd#Registration_SIGMOD_Member","cluster_0"
0.21178975199352956,"http://iasted#Technical_commitee","=","http://sigkdd#Program_Committee","cluster_0"
0.10056552048613407,"http://iasted#Departure","=","http://sigkdd#Paper","cluster_0"
0.05609659147663349,"http://iasted#is_held_after","=","http://sigkdd#E-mail","cluster_0"
0.12611668306063137,"http://iasted#Tutorial","=","http://sigkdd#Conference","cluster_0"
0.37235820564265476,"http://iasted#is_present","=","http://sigkdd#presentationed_by","cluster_0"
0.21488796902493465,"http://iasted#Student_registration_fee","=","http://sigkdd#Registration_SIGMOD_Member","cluster_0"
0.17488914658016994,"http://iasted#Author_attendee_book_registration_fee","=","http://sigkdd#Author_of_paper","cluster_0"
0.08897301730783733,"http://iasted#has_amount_of","=","http://sigkdd#Start_of_conference","cluster_0"
0.016000818194646185,"http://iasted#Final_manuscript","=","http://sigkdd#Author_of_paper","cluster_0"
0.0585048187460519,"http://iasted#is_given_to","=","http://sigkdd#presentationed_by","cluster_0"
0.011799595063234258,"http://iasted#Conference_restaurant","=","http://sigkdd#Author_of_paper","cluster_0"
0.09658727992818793,"http://iasted#Card","=","http://sigkdd#Best_Student_Paper_Supporter","cluster_0"
0.14393653595733177,"http://iasted#is_writen_by","=","http://sigkdd#searched_by","cluster_0"
0.41680594014425465,"http://iasted#Deadline_for_notification_of_acceptance","=","http://sigkdd#Deadline_Author_notification","cluster_0"
0.10774025758050675,"http://iasted#need","=","http://sigkdd#payed_by","cluster_0"
0.0977846782636847,"http://iasted#Credit_card","=","http://sigkdd#Review","cluster_0"
0.11565034864318442,"http://iasted#Overhead_projector","=","http://sigkdd#Deadline","cluster_0"
0.2737051528395601,"http://iasted#is_prepared_by","=","http://sigkdd#payed_by","cluster_0"
0.12978701563125478,"http://iasted#Presenter_house","=","http://sigkdd#Document","cluster_0"
0.049583129212814846,"http://iasted#Activity","=","http://www.w3.org/2002/07/owl#Thing","cluster_0"
0.10601293302391987,"http://iasted#Nonauthor_registration_fee","=","http://sigkdd#Sponzor_fee","cluster_0"
0.15853649900254607,"http://iasted#sign","=","http://sigkdd#Currency","cluster_0"
0.42117128674926063,"http://iasted#Author_attendee_cd_registration_fee","=","http://sigkdd#Registration_fee","cluster_0"
0.10908501024639314,"http://iasted#Cheque","=","http://sigkdd#Document","cluster_0"
0.13978062235570138,"http://iasted#Nonauthor_registration_fee","=","http://sigkdd#Deadline_Author_notification","cluster_0"
0.2557380512967947,"http://iasted#Nonmember_registration_fee","=","http://sigkdd#Fee","cluster_0"
0.10626823257397551,"http://iasted#Item","=","http://sigkdd#Listener","cluster_0"
0.08630376519078864,"http://iasted#Presenter_state","=","http://sigkdd#Person","cluster_0"
0.13713789861912576,"http://iasted#prepare","=","http://sigkdd#pay","cluster_0"
0.4075148989541618,"http://iasted#Conference_airport","=","http://sigkdd#Conference_hall","cluster_0"
0.0743312148836551,"http://iasted#Coffee_break","=","http://sigkdd#Sponzor_fee","cluster_0"
0.09786025121934201,"http://iasted#Registration","=","http://sigkdd#Document","cluster_0"
0.11357239376115333,"http://iasted#Worker_non_speaker","=","http://sigkdd#Registration_Student","cluster_0"
0.05237437760952535,"http://iasted#Nonauthor_registration_fee","=","http://sigkdd#Abstract","cluster_0"
0.39187230618730096,"http://iasted#sign","=","http://sigkdd#designed_by","cluster_0"
0.23530822664540518,"http://iasted#is_used_by","=","http://sigkdd#holded_by","cluster_0"
0.007747478553069701,"http://iasted#Lecture","=","http://sigkdd#Author_of_paper_student","cluster_0"
0.07353759350515211,"http://iasted#is_made_from","=","http://sigkdd#E-mail","cluster_0"
0.05891123524846821,"http://iasted#Renting","=","http://sigkdd#Author_of_paper_student","cluster_0"
0.2852070460022763,"http://iasted#Deadline_hotel_reservation","=","http://sigkdd#Hotel","cluster_0"
0.24058191168073634,"http://iasted#Nonmember_registration_fee","=","http://sigkdd#Registration_Student","cluster_0"
0.20391092686242313,"http://iasted#IASTED_member","=","http://sigkdd#Organizing_Committee_member","cluster_0"
0.04539690690280248,"http://iasted#Taxi","=","http://sigkdd#Author","cluster_0"
0.18922858633203024,"http://iasted#Time_zone","=","http://sigkdd#Person","cluster_0"
0.20654421012994964,"http://iasted#Book_proceeding","=","http://www.w3.org/2002/07/owl#Thing","cluster_0"
0.14567784470676456,"http://iasted#Author_attendee_cd_registration_fee","=","http://sigkdd#Registration_SIGKDD_Member","cluster_0"
0.04595220210009283,"http://iasted#Deadline_for_notification_of_acceptance","=","http://sigkdd#Author_of_paper_student","cluster_0"
0.2712447822661016,"http://iasted#is_paid_in","=","http://sigkdd#payed_by","cluster_0"
0.08509074322097712,"http://iasted#Author_book_proceedings_included","=","http://www.w3.org/2002/07/owl#Thing","cluster_0"
0.10352633068530266,"http://iasted#Single_hotel_room","=","http://www.w3.org/2002/07/owl#Thing","cluster_0"
0.10196638893226392,"http://iasted#Registration_fee","=","http://sigkdd#Abstract","cluster_0"
0.0692202551543924,"http://iasted#is_paid_in","=","http://sigkdd#obtain","cluster_0"
0.21917929542516013,"http://iasted#State","=","http://sigkdd#Hotel","cluster_0"
0.09546563633920237,"http://iasted#Money","=","http://sigkdd#Hotel","cluster_0"
0.07665364392162573,"http://iasted#Document","=","http://sigkdd#Best_Student_Paper_Supporter","cluster_0"
0.07931093295595433,"http://iasted#Transport_vehicle","=","http://sigkdd#Paper","cluster_0"
0.10909111080277631,"http://iasted#Van","=","http://sigkdd#Sponzor","cluster_0"
0.18676872028261338,"http://iasted#Card","=","http://sigkdd#Best_Paper_Awards_Committee","cluster_0"
0.12204917104529213,"http://iasted#Invitation_letter","=","http://sigkdd#Registration_Non-Member","cluster_0"
0.10807260598684405,"http://iasted#Presentation","=","http://sigkdd#Registration_SIGMOD_Member","cluster_0"
0.3204655988785184,"http://iasted#is_used_by","=","http://sigkdd#payed_by","cluster_0"
0.416330689109814,"http://iasted#Deadline","=","http://sigkdd#Deadline_Paper_Submission","cluster_0"
0.05613945249587619,"http://iasted#is_dated_on","=","http://sigkdd#can_stay_in","cluster_0"
0.4226638410874186,"http://iasted#Conference_building","=","http://sigkdd#Conference_hall","cluster_0"
0.215593951941939,"http://iasted#IASTED_non_member","=","http://sigkdd#Registration_SIGMOD_Member","cluster_0"
0.04480445445025155,"http://iasted#Coffee_break","=","http://sigkdd#Main_office","cluster_0"
0.09598506011216501,"http://iasted#IASTED_non_member","=","http://sigkdd#Listener","cluster_0"
0.07504494540091276,"http://iasted#Item","=","http://sigkdd#Registration_Student","cluster_0"
0.17971823688362598,"http://iasted#is_occupied_by","=","http://sigkdd#designed_by","cluster_0"
0.9622195979525316,"http://iasted#Review","=","http://sigkdd#Review","cluster_0"
0.04049824291189027,"http://iasted#Activity_after_conference","=","http://sigkdd#Webmaster","cluster_0"
0.25594346684244385,"http://iasted#Nonauthor_registration_fee","=","http://sigkdd#Fee","cluster_0"
0.11947171084941849,"http://iasted#Technic_activity","=","http://sigkdd#Abstract","cluster_0"
0.17408767200466665,"http://iasted#prepare","=","http://sigkdd#presentation","cluster_0"
0.13350949762378167,"http://iasted#Registration_form","=","http://sigkdd#Person","cluster_0"
0.07359217194689305,"http://iasted#Place","=","http://sigkdd#Author","cluster_0"
0.09489560405362604,"http://iasted#obtain","=","http://sigkdd#presentation","cluster_0"
0.025720074439688153,"http://iasted#Sponsor_city","=","http://sigkdd#Author_of_paper","cluster_0"
0.38500677111581944,"http://iasted#Registration_fee","=","http://sigkdd#Registration_SIGMOD_Member","cluster_0"
0.1263146067791737,"http://iasted#is_sent_by","=","http://sigkdd#searched_by","cluster_0"
0.18935483693061872,"http://iasted#Refusing_manuscript","=","http://www.w3.org/2002/07/owl#Thing","cluster_0"
0.26941658113329225,"http://iasted#Renting","=","http://www.w3.org/2002/07/owl#Thing","cluster_0"
0.06579180442543972,"http://iasted#has_amount_of","=","http://sigkdd#Name_of_sponsor","cluster_0"
0.5352103026257404,"http://iasted#Conference_airport","=","http://sigkdd#Conference","cluster_0"
0.09178361222077215,"http://iasted#is_writen_by","=","http://sigkdd#Date","cluster_0"
0.08011458370202519,"http://iasted#pay","=","http://sigkdd#Name","cluster_0"
0.0601586582714211,"http://iasted#is_situated_in","=","http://sigkdd#presentation","cluster_0"
0.18651637072487462,"http://iasted#is_visited_by","=","http://sigkdd#awarded_by","cluster_0"
0.2671773512226587,"http://iasted#Memeber_registration_fee","=","http://sigkdd#Fee","cluster_0"
0.17010881254749485,"http://iasted#Tip","=","http://sigkdd#Registration_fee","cluster_0"
0.1757472963486599,"http://iasted#Tax","=","http://www.w3.org/2002/07/owl#Thing","cluster_0"
0.13037009217896542,"http://iasted#Tutorial_speaker","=","http://sigkdd#Exhibitor","cluster_0"
0.3331946928523432,"http://iasted#Technical_commitee","=","http://sigkdd#Committee","cluster_0"
0.05132423473804887,"http://iasted#Modelling","=","http://sigkdd#Deadline_Author_notification","cluster_0"
0.1933133544159902,"http://iasted#Registation_deadline","=","http://sigkdd#Deadline_Paper_Submission","cluster_0"
0.3110065944396601,"http://iasted#is_paid_in","=","http://sigkdd#pay","cluster_0"
0.22473309461950247,"http://iasted#is_equipped_by","=","http://sigkdd#payed_by","cluster_0"
0.07100827289423839,"http://iasted#is_dated_on","=","http://sigkdd#searched_by","cluster_0"
0.17666341422706652,"http://iasted#Form","=","http://sigkdd#Person","cluster_0"
0.12003601387365734,"http://iasted#Mailing_list","=","http://www.w3.org/2002/07/owl#Thing","cluster_0"
0.33919861784258415,"http://iasted#Fee_for_extra_trip","=","http://sigkdd#Fee","cluster_0"
0.1280442931896952,"http://iasted#Cheque","=","http://sigkdd#Fee","cluster_0"
0.05839355921986875,"http://iasted#Form","=","http://sigkdd#Organizing_Committee_member","cluster_0"
0.08129965792629713,"http://iasted#Person","=","http://sigkdd#Speaker","cluster_0"
0.03646921086364448,"http://iasted#is_connected_with","=","http://sigkdd#payed_by","cluster_0"
0.09568821937422213,"http://iasted#Document","=","http://sigkdd#Paper","cluster_0"
0.034272841416165815,"http://iasted#Conference_hall","=","http://sigkdd#Registration_fee","cluster_0"
0.10966301695102974,"http://iasted#Tutorial_speaker","=","http://sigkdd#Author_of_paper","cluster_0"
0.07377216778084134,"http://iasted#PowerPoint_presentation","=","http://sigkdd#Author_of_paper_student","cluster_0"
0.0789695124202837,"http://iasted#Session_chair","=","http://sigkdd#Conference","cluster_0"
0.2547226799596088,"http://iasted#Building","=","http://www.w3.org/2002/07/owl#Thing","cluster_0"
0.08399900988308957,"http://iasted#Transparency","=","http://sigkdd#Document","cluster_0"
0.08993053497789615,"http://iasted#Deadline_for_notification_of_acceptance","=","http://sigkdd#Main_office","cluster_0"
0.07167549278221304,"http://iasted#Fee_for_extra_trip","=","http://sigkdd#Sponzor_fee","cluster_0"
0.3328022456225882,"http://iasted#Student_non_speaker","=","http://sigkdd#Speaker","cluster_0"
0.40941657082377503,"http://iasted#Author","=","http://sigkdd#Author_of_paper_student","cluster_0"
0.6450735636400684,"http://iasted#Sponzorship","=","http://sigkdd#Sponzor","cluster_0"
0.4587595418641201,"http://iasted#Conference_state","=","http://sigkdd#Conference_hall","cluster_0"
0.9104679394394386,"http://iasted#Conference_hall","=","http://sigkdd#Conference_hall","cluster_0"
0.17944725577742923,"http://iasted#Author_attendee_book_registration_fee","=","http://sigkdd#Registration_Student","cluster_0"
0.3226666962009164,"http://iasted#Registation_deadline","=","http://sigkdd#Registration_fee","cluster_0"
0.11383844283749352,"http://iasted#Student_non_speaker","=","http://sigkdd#Registration_Non-Member","cluster_0"
0.26753307210686894,"http://iasted#is_used_by","=","http://sigkdd#designed_by","cluster_0"
0.685221971096819,"http://iasted#Registration","=","http://sigkdd#Registration_fee","cluster_0"
0.028417218220498416,"http://iasted#Presenter_state","=","http://sigkdd#Gold_Supporter","cluster_0"
0.15458017377903824,"http://iasted#Author","=","http://www.w3.org/2002/07/owl#Thing","cluster_0"
0.6242949392016919,"http://iasted#Sponsor","=","http://sigkdd#Sponzor","cluster_0"
0.1448156476405489,"http://iasted#Nonauthor_registration_fee","=","http://sigkdd#Author_of_paper","cluster_0"
0.09059030955652513,"http://iasted#State","=","http://sigkdd#Listener","cluster_0"
0.09962149690785566,"http://iasted#Bank_transfer","=","http://sigkdd#Registration_fee","cluster_0"
0.10910645955114757,"http://iasted#is_present","=","http://sigkdd#E-mail","cluster_0"
0.12060127979788268,"http://iasted#Time","=","http://sigkdd#Deadline","cluster_0"
0.2703452814656997,"http://iasted#Student_registration_fee","=","http://sigkdd#Fee","cluster_0"
0.051703040717761016,"http://iasted#Transparency","=","http://sigkdd#Registration_Student","cluster_0"
0.14372430331631958,"http://iasted#is_present","=","http://sigkdd#award","cluster_0"
0.208397652142083,"http://iasted#Person","=","http://sigkdd#Paper","cluster_0"
0.06098012424956473,"http://iasted#Publication","=","http://sigkdd#Author_of_paper","cluster_0"
0.21505018777393042,"http://iasted#Presenter_state","=","http://sigkdd#Author_of_paper_student","cluster_0"
0.3941147445607481,"http://iasted#Fee","=","http://sigkdd#Registration_fee","cluster_0"
0.15566073507340478,"http://iasted#Invitation_letter","=","http://sigkdd#Document","cluster_0"
0.08459631396183383,"http://iasted#is_used_for","=","http://sigkdd#payed_by","cluster_0"
0.051619065770482295,"http://iasted#Author_attendee_book_registration_fee","=","http://sigkdd#Abstract","cluster_0"
0.0666497300799749,"http://iasted#Speaker_lecture","=","http://sigkdd#Sponzor_fee","cluster_0"
0.08658792108023097,"http://iasted#Memeber_registration_fee","=","http://sigkdd#Organizing_Committee_member","cluster_0"
0.0929158975105327,"http://iasted#Car","=","http://sigkdd#Author","cluster_0"
0.059043822455682494,"http://iasted#has_amount_of","=","http://sigkdd#submit_until","cluster_0"
0.4743317972649896,"http://iasted#Speaker","=","http://sigkdd#Invited_Speaker","cluster_0"
0.1104074324596559,"http://iasted#Viza","=","http://sigkdd#Author","cluster_0"
0.016916931723646,"http://iasted#Conference_city","=","http://sigkdd#Author_of_paper","cluster_0"
0.09241967443388188,"http://iasted#Time_zone","=","http://sigkdd#Listener","cluster_0"
0.02374485957632066,"http://iasted#Social_program","=","http://sigkdd#Author_of_paper","cluster_0"
0.26533629577768464,"http://iasted#Deadline_hotel_reservation","=","http://sigkdd#Deadline_Paper_Submission","cluster_0"
0.07497285445479446,"http://iasted#Van","=","http://sigkdd#Author","cluster_0"
0.15586041458356506,"http://iasted#Video_presentation","=","http://sigkdd#Registration_fee","cluster_0"
0.5675066579581595,"http://iasted#Hotel_room","=","http://sigkdd#Hotel","cluster_0"
0.06476200157962282,"http://iasted#has_amount_of","=","http://sigkdd#Name_of_conference","cluster_0"
0.3986509239152472,"http://iasted#Sponsor","=","http://sigkdd#Sponzor_fee","cluster_0"
0.1087385193240669,"http://iasted#Money","=","http://sigkdd#Registration_Non-Member","cluster_0"
0.2529088728650882,"http://iasted#Session","=","http://sigkdd#Deadline_Paper_Submission","cluster_0"
0.23525951841545628,"http://iasted#Time","=","http://sigkdd#Document","cluster_0"
0.0778572347926009,"http://iasted#Listener","=","http://sigkdd#Best_Applications_Paper_Award","cluster_0"
0.08721911057434634,"http://iasted#Submission","=","http://sigkdd#Author_of_paper","cluster_0"
0.9265533152522315,"http://iasted#Listener","=","http://sigkdd#Listener","cluster_0"
0.47361893404722816,"http://iasted#Registration_fee","=","http://sigkdd#Registration_Student","cluster_0"
0.04193431593151802,"http://iasted#Conference_hall","=","http://sigkdd#Author_of_paper","cluster_0"
0.006100695107871569,"http://iasted#Conference_building","=","http://sigkdd#Author_of_paper","cluster_0"
0.21037083904660045,"http://iasted#is_sent_after","=","http://sigkdd#presentationed_by","cluster_0"
0.21860778024870114,"http://iasted#Hotel_registration_form","=","http://sigkdd#Registration_SIGKDD_Member","cluster_0"
0.06105916034013879,"http://iasted#Author","=","http://sigkdd#Hotel","cluster_0"
0.31751741357298585,"http://iasted#Social_program","=","http://sigkdd#Program_Chair","cluster_0"
0.1873491176828606,"http://iasted#Registation_deadline","=","http://sigkdd#Deadline_Abstract_Submission","cluster_0"
0.1479118703223651,"http://iasted#Bank_transfer","=","http://sigkdd#Abstract","cluster_0"
0.11219702467432205,"http://iasted#Memeber_registration_fee","=","http://sigkdd#Sponzor_fee","cluster_0"
0.3354266707896004,"http://iasted#Nonmember_registration_fee","=","http://sigkdd#Registration_Non-Member","cluster_0"
0.043952742598680775,"http://iasted#Presenter_house","=","http://sigkdd#Silver_Supporter","cluster_0"
0.578848182161263,"http://iasted#Conference_days","=","http://sigkdd#Conference","cluster_0"
0.09693647213869361,"http://iasted#is_present_in","=","http://sigkdd#can_stay_in","cluster_0"
0.10423878126155249,"http://iasted#Camera_ready_manuscript_deadline","=","http://sigkdd#Deadline_Abstract_Submission","cluster_0"
0.2801847564770818,"http://iasted#Deadline_hotel_reservation","=","http://sigkdd#Deadline_Author_notification","cluster_0"
0.08826953776599655,"http://iasted#done_till","=","http://sigkdd#presentationed_by","cluster_0"
0.23516514581426567,"http://iasted#Tip","=","http://sigkdd#Place","cluster_0"
0.16279254532123225,"http://iasted#is_prepared_by","=","http://sigkdd#holded_by","cluster_0"
0.1586801082508611,"http://iasted#Tip","=","http://www.w3.org/2002/07/owl#Thing","cluster_0"
0.17919986538311228,"http://iasted#Presentation","=","http://sigkdd#Registration_Student","cluster_0"
0.24002555685597407,"http://iasted#Registation_deadline","=","http://sigkdd#Registration_SIGMOD_Member","cluster_0"
0.13142983271058634,"http://iasted#Departure","=","http://sigkdd#Award","cluster_0"
0.2477126521815041,"http://iasted#Computer","=","http://sigkdd#Committee","cluster_0"
0.12129538567721514,"http://iasted#is_present","=","http://sigkdd#Date","cluster_0"
0.18738530708322654,"http://iasted#Author_attendee_cd_registration_fee","=","http://sigkdd#Registration_Student","cluster_0"
0.1663553451986622,"http://iasted#Tutorial","=","http://sigkdd#Exhibitor","cluster_0"
0.295573694147411,"http://iasted#is_held_in","=","http://sigkdd#holded_by","cluster_0"
0.03683117981878781,"http://iasted#Tutorial_speaker","=","http://sigkdd#Organizator","cluster_0"
0.20650431818183143,"http://iasted#is_given_by","=","http://sigkdd#pay","cluster_0"
0.6161744760892229,"http://iasted#Registration_form","=","http://sigkdd#Registration_fee","cluster_0"
0.12935855630495036,"http://iasted#is_paid_in","=","http://sigkdd#can_stay_in","cluster_0"
0.2314494851446776,"http://iasted#Presentation","=","http://sigkdd#Registration_fee","cluster_0"
0.2692826534671275,"http://iasted#Mailing_list","=","http://sigkdd#Listener","cluster_0"
0.038771212913330015,"http://iasted#Mailing_list","=","http://sigkdd#Author_of_paper_student","cluster_0"
0.05143445815805201,"http://iasted#done_till","=","http://sigkdd#E-mail","cluster_0"
0.10663093242909907,"http://iasted#obtain","=","http://sigkdd#E-mail","cluster_0"
0.12051228044599607,"http://iasted#Coctail_reception","=","http://sigkdd#Registration_fee","cluster_0"
0.12296685501606913,"http://iasted#is_writen_by","=","http://sigkdd#awarded_by","cluster_0"
0.11857738828695878,"http://iasted#Car","=","http://sigkdd#Paper","cluster_0"
0.14913934167604542,"http://iasted#is_sent_after","=","http://sigkdd#submit","cluster_0"
0.48963846214080875,"http://iasted#Hotel_presenter","=","http://sigkdd#Hotel","cluster_0"
0.10923570311827738,"http://iasted#is_made_from","=","http://sigkdd#Date","cluster_0"
0.17428691451380954,"http://iasted#Author_book_proceedings_included","=","http://sigkdd#Author_of_paper","cluster_0"
0.08387679580999724,"http://iasted#Activity","=","http://sigkdd#ACM_SIGKDD","cluster_0"
0.14863806720547312,"http://iasted#prepare","=","http://sigkdd#presentationed_by","cluster_0"
0.3067802089714015,"http://iasted#is_paid_with","=","http://sigkdd#pay","cluster_0"
0.1255707474246561,"http://iasted#Transport_vehicle","=","http://sigkdd#Gold_Supporter","cluster_0"
0.09380462016370701,"http://iasted#Nonauthor_registration_fee","=","http://sigkdd#Author_of_paper_student","cluster_0"
0.14327013081461884,"http://iasted#is_needed_for","=","http://sigkdd#awarded_by","cluster_0"
0.09106614458159007,"http://www.w3.org/2002/07/owl#Thing","=","http://sigkdd#Organizing_Committee","cluster_0"
0.09045387609680583,"http://iasted#Main_office","=","http://sigkdd#Place","cluster_0"
0.08282532069979051,"http://iasted#Brief_introduction_for_Session_chair","=","http://sigkdd#General_Chair","cluster_0"
0.17423971758834333,"http://iasted#speak_in","=","http://sigkdd#can_stay_in","cluster_0"
0.1122920947672628,"http://iasted#Delegate","=","http://sigkdd#Deadline","cluster_0"
0.08136068141015379,"http://iasted#Person","=","http://sigkdd#Best_Applications_Paper_Award","cluster_0"
0.09531972982040447,"http://iasted#is_sent_after","=","http://sigkdd#E-mail","cluster_0"
0.22450296007697185,"http://iasted#Registation_deadline","=","http://sigkdd#Deadline_Author_notification","cluster_0"
1.0,"http://iasted#pay","=","http://sigkdd#pay","cluster_0"
0.015508032668524845,"http://iasted#Sponsor_company_house","=","http://sigkdd#Registration_Student","cluster_0"
0.26092104845843517,"http://iasted#send","=","http://sigkdd#presentation","cluster_0"
0.24312984507376215,"http://iasted#Registation_deadline","=","http://sigkdd#Registration_SIGKDD_Member","cluster_0"
0.16939044332745584,"http://iasted#Author_attendee_cd_registration_fee","=","http://sigkdd#Author_of_paper","cluster_0"
0.17952087204505618,"http://iasted#is_occupied_by","=","http://sigkdd#holded_by","cluster_0"
0.09894077609152682,"http://iasted#Main_office","=","http://sigkdd#Author_of_paper","cluster_0"
0.11758985799515353,"http://iasted#is_present_in","=","http://sigkdd#Price","cluster_0"
0.1658863957792997,"http://iasted#Sponsor_company_house","=","http://sigkdd#Sponzor_fee","cluster_0"
0.4745337897133861,"http://iasted#Sponzorship","=","http://sigkdd#Sponzor_fee","cluster_0"
0.27100695335391006,"http://iasted#Hotel_registration_form","=","http://sigkdd#Registration_Student","cluster_0"
0.1260721162565875,"http://iasted#Cd_proceening","=","http://sigkdd#Place","cluster_0"
0.03032544764493141,"http://iasted#Registration_fee","=","http://sigkdd#Conference_hall","cluster_0"
0.06973260156370865,"http://iasted#Presentation","=","http://sigkdd#Author_of_paper_student","cluster_0"
0.04001684948374567,"http://iasted#Introduction_of_speaker","=","http://sigkdd#Registration_SIGKDD_Member","cluster_0"
0.3872084517527757,"http://iasted#Submissions_deadline","=","http://sigkdd#Deadline_Abstract_Submission","cluster_0"
0.027548780008824252,"http://iasted#Registration_fee","=","http://sigkdd#Author_of_paper_student","cluster_0"
0.06738748320317244,"http://iasted#Card","=","http://sigkdd#Author_of_paper_student","cluster_0"
0.14337082484013214,"http://iasted#IASTED_member","=","http://sigkdd#Listener","cluster_0"
0.05237578389214509,"http://iasted#Conference_state","=","http://sigkdd#Registration_fee","cluster_0"
0.025797164994273543,"http://iasted#is_held_before","=","http://sigkdd#payed_by","cluster_0"
0.12663302544116012,"http://iasted#State","=","http://sigkdd#Author_of_paper_student","cluster_0"
0.4352706302740282,"http://iasted#Card","=","http://sigkdd#Award","cluster_0"
0.30647700667520544,"http://iasted#Deadline_for_notification_of_acceptance","=","http://sigkdd#Deadline","cluster_0"
0.07486268542798148,"http://iasted#is_dated_on","=","http://sigkdd#presentation","cluster_0"
0.36920729875206104,"http://iasted#Registration_form","=","http://sigkdd#Registration_SIGKDD_Member","cluster_0"
0.1694750030563349,"http://iasted#is_used_by","=","http://sigkdd#presentationed_by","cluster_0"
0.1489465562860667,"http://iasted#is_equipped_by","=","http://sigkdd#awarded_by","cluster_0"
0.4129222203278514,"http://iasted#Author_attendee_book_registration_fee","=","http://sigkdd#Registration_fee","cluster_0"
0.15235508692310534,"http://iasted#Video_cassette_player","=","http://sigkdd#Place","cluster_0"
0.05266635278758897,"http://iasted#Presenter_house","=","http://sigkdd#Author_of_paper_student","cluster_0"
0.05822179207588003,"http://iasted#Invitation_letter","=","http://sigkdd#Author_of_paper","cluster_0"
0.05630088475905826,"http://iasted#Student_registration_fee","=","http://sigkdd#Abstract","cluster_0"
0.14887746566783333,"http://iasted#Lecturer","=","http://sigkdd#Listener","cluster_0"
0.16504405585000195,"http://iasted#write","=","http://sigkdd#Date","cluster_0"
0.19332605400966468,"http://iasted#is_given_to","=","http://sigkdd#payed_by","cluster_0"
0.02353199153871756,"http://iasted#Brief_introduction_for_Session_chair","=","http://sigkdd#Author_of_paper","cluster_0"
0.2701122073317481,"http://iasted#Nonauthor_registration_fee","=","http://sigkdd#Registration_Non-Member","cluster_0"
0.297419552479613,"http://iasted#Sponsor_state","=","http://sigkdd#Sponzor_fee","cluster_0"
0.15494218913601202,"http://iasted#Modelling","=","http://sigkdd#Deadline","cluster_0"
0.3871221183649406,"http://iasted#Conference_hotel","=","http://sigkdd#Hotel","cluster_0"
0.09009808264746692,"http://iasted#Worker_lecturer","=","http://sigkdd#Paper","cluster_0"
0.20304243020189972,"http://iasted#is_signed_by","=","http://sigkdd#payed_by","cluster_0"
0.061987629293837256,"http://iasted#Credit_card","=","http://sigkdd#Best_Paper_Awards_Committee","cluster_0"
0.036633423261104366,"http://iasted#Registation_deadline","=","http://sigkdd#Author_of_paper_student","cluster_0"
0.13157221706199498,"http://iasted#IASTED_member","=","http://sigkdd#Invited_Speaker","cluster_0"
0.05512868068266965,"http://iasted#Memeber_registration_fee","=","http://sigkdd#Abstract","cluster_0"
0.19211528134432823,"http://iasted#Session","=","http://sigkdd#Deadline_Abstract_Submission","cluster_0"
0.04953995745343483,"http://iasted#Bank_transfer","=","http://sigkdd#Author_of_paper","cluster_0"
0.316152774278487,"http://iasted#Currency","=","http://sigkdd#Conference","cluster_0"
0.3556787859071665,"http://iasted#Hotel_registration_form","=","http://sigkdd#Hotel","cluster_0"
0.06738828951705204,"http://iasted#Overhead_projector","=","http://sigkdd#Organizator","cluster_0"
0.05141003903298972,"http://iasted#Non_speaker","=","http://sigkdd#Paper","cluster_0"
0.045004976403013645,"http://iasted#Modelling","=","http://sigkdd#Author_of_paper_student","cluster_0"
0.1899077914647188,"http://iasted#is_prepared_by","=","http://sigkdd#designed_by","cluster_0"
0.2728213901711961,"http://iasted#Tutorial_speaker","=","http://sigkdd#Invited_Speaker","cluster_0"
0.09116749224848915,"http://iasted#Speaker","=","http://sigkdd#Person","cluster_0"
0.06509868612732331,"http://iasted#Dinner_banquet","=","http://sigkdd#Conference","cluster_0"
0.582195087553945,"http://iasted#Hotel_fee","=","http://sigkdd#Hotel","cluster_0"
0.14517225967268402,"http://iasted#Author_attendee_cd_registration_fee","=","http://sigkdd#Registration_SIGMOD_Member","cluster_0"
0.12312367847231293,"http://iasted#Computer","=","http://sigkdd#Paper","cluster_0"
0.1806256338746714,"http://iasted#Author_information_form","=","http://sigkdd#Author_of_paper_student","cluster_0"
0.26514983353787913,"http://iasted#Activity","=","http://sigkdd#Abstract","cluster_0"
0.329708751067393,"http://iasted#Camera_ready_manuscript_deadline","=","http://sigkdd#Deadline","cluster_0"
0.07690421469913972,"http://iasted#speak_in","=","http://sigkdd#obtain","cluster_0"
0.03993626828878172,"http://iasted#Building","=","http://sigkdd#Author","cluster_0"
0.41104555899940426,"http://iasted#Submissions_deadline","=","http://sigkdd#Deadline_Paper_Submission","cluster_0"
0.12126692686980009,"http://iasted#Person","=","http://sigkdd#Author_of_paper","cluster_0"
0.1850856348273931,"http://iasted#Accepting_manuscript","=","http://www.w3.org/2002/07/owl#Thing","cluster_0"
0.9115585797612592,"http://iasted#Registration_fee","=","http://sigkdd#Registration_fee","cluster_0"
0.29812754613752285,"http://iasted#Session_chair","=","http://sigkdd#General_Chair","cluster_0"
0.46687475865145345,"http://iasted#Non_speaker","=","http://sigkdd#Speaker","cluster_0"
0.15166650031660284,"http://iasted#Lecturer","=","http://sigkdd#Speaker","cluster_0"
0.13186834253454277,"http://iasted#send","=","http://sigkdd#E-mail","cluster_0"
0.09479777828913398,"http://iasted#Departure","=","http://sigkdd#Deadline","cluster_0"
0.5391970925001534,"http://iasted#Conference_hotel","=","http://sigkdd#Conference","cluster_0"
0.04086170274809851,"http://iasted#Hotel_room","=","http://sigkdd#Author","cluster_0"
0.08143050246809488,"http://iasted#occupy","=","http://sigkdd#payed_by","cluster_0"
0.10754482516109305,"http://iasted#Worker_lecturer","=","http://sigkdd#Speaker","cluster_0"
0.1495568363898653,"http://iasted#send","=","http://sigkdd#search","cluster_0"
0.22053554067119585,"http://iasted#is_visited_by","=","http://sigkdd#payed_by","cluster_0"
0.11371277162999299,"http://iasted#is_present_in","=","http://sigkdd#pay","cluster_0"
0.2818302912562174,"http://iasted#Publication","=","http://sigkdd#Best_Applications_Paper_Award","cluster_0"
0.1577631522211489,"http://iasted#Author_attendee_book_registration_fee","=","http://sigkdd#Registration_Non-Member","cluster_0"
0.08677004936642506,"http://iasted#Document","=","http://sigkdd#Author_of_paper_student","cluster_0"
0.22710362335263568,"http://iasted#is_visited_by","=","http://sigkdd#designed_by","cluster_0"
0.1412843888766287,"http://iasted#Sponzorship","=","http://sigkdd#Bronze_Supporter","cluster_0"
0.0667890411203484,"http://iasted#Bank_transfer","=","http://sigkdd#Registration_Student","cluster_0"
0.29642229986150526,"http://iasted#Author_cd_proceedings_included","=","http://sigkdd#Author","cluster_0"
0.09468726094230205,"http://iasted#occupy","=","http://sigkdd#E-mail","cluster_0"
1.0,"http://www.w3.org/2002/07/owl#Thing","=","http://www.w3.org/2002/07/owl#Thing","cluster_0"
0.11798542620339303,"http://iasted#Invitation_letter","=","http://sigkdd#Registration_Student","cluster_0"
0.03845256599076962,"http://iasted#Conference_activity","=","http://sigkdd#Author_of_paper","cluster_0"
0.06590993195574268,"http://iasted#Tutorial","=","http://sigkdd#Author","cluster_0"
0.13684227747539865,"http://iasted#Listener","=","http://sigkdd#General_Chair","cluster_0"
0.5283950832991284,"http://iasted#Nonmember_registration_fee","=","http://sigkdd#Registration_fee","cluster_0"
0.13735115227178016,"http://iasted#City","=","http://sigkdd#Exhibitor","cluster_0"
0.12216776279875753,"http://iasted#Lecture","=","http://sigkdd#Review","cluster_0"
0.04627683305453259,"http://iasted#One_conference_day","=","http://sigkdd#Author_of_paper","cluster_0"
0.21450509552722463,"http://iasted#is_signed_by","=","http://sigkdd#searched_by","cluster_0"
0.07588408833441813,"http://iasted#Conference_state","=","http://sigkdd#Author_of_paper_student","cluster_0"
0.036513436256935775,"http://iasted#is_connected_with","=","http://sigkdd#End_of_conference","cluster_0"
0.18669722337266625,"http://iasted#Social_program","=","http://sigkdd#Program_Committee_member","cluster_0"
0.20398496612074538,"http://iasted#is_visited_by","=","http://sigkdd#holded_by","cluster_0"
0.11918770929157033,"http://iasted#Non_speaker","=","http://sigkdd#Registration_Student","cluster_0"
0.35972313729449057,"http://iasted#Single_hotel_room","=","http://sigkdd#Hotel","cluster_0"
0.24007893101380745,"http://iasted#Deadline_hotel_reservation","=","http://sigkdd#Deadline_Abstract_Submission","cluster_0"
0.10776089515936685,"http://iasted#Video_presentation","=","http://sigkdd#Registration_Student","cluster_0"
0.12843031019160517,"http://iasted#Shuttle_bus","=","http://sigkdd#Author","cluster_0"
0.1672990705932577,"http://iasted#is_occupied_by","=","http://sigkdd#awarded_by","cluster_0"
0.15551548433317033,"http://iasted#Introduction","=","http://sigkdd#Registration_fee","cluster_0"
0.1759514377595184,"http://iasted#IASTED_member","=","http://sigkdd#Registration_Non-Member","cluster_0"
0.05678048048679957,"http://iasted#Conference_city","=","http://sigkdd#Place","cluster_0"
0.06075192466658697,"http://iasted#Mailing_list","=","http://sigkdd#Deadline","cluster_0"
